SITENO,SITENAME,LONGDD,LATDD,SITEURL,join_lat,join_lon,gage station falls in the vic_lat,gage station falls in the vic_long,StationCode,Col,Row,SITENAME1,LAT,LONG,outlet,StationCode_Rename,col,Row,VIC lat,VIC long
12439500,"OKANOGAN RIVER AT OROVILLE, WA",-119.4203419,48.9307184,https://waterdata.usgs.gov/nwis/inventory?agency_code=USGS&site_no=12439500,48.90625,-119.40625,48.90625,-119.40625,OROVI,90,127,Oroville,48.90625N,119.40625W,48.90625N119.40625W,OKAOR,89,129,49.0313,-119.46875
12442500,"SIMILKAMEEN RIVER NEAR NIGHTHAWK, WA",-119.6184098,48.98460109,https://waterdata.usgs.gov/nwis/inventory?agency_code=USGS&site_no=12442500,48.96875,-119.59375,48.96875,-119.59375,SIMIL,87,128,Similkameen,48.96875N,119.59375W,48.96875N119.59375W,SIMNI,86,128,48.9688,-119.65625
12445000,"OKANOGAN RIVER NEAR TONASKET, WA",-119.4617229,48.632375,https://waterdata.usgs.gov/nwis/inventory?agency_code=USGS&site_no=12445000,48.65625,-119.46875,48.65625,-119.46875,TONAS,89,123,Tonasket,48.65625N,119.46875W,48.65625N119.46875W,OKANO,90,124,48.7188,-119.40625
12447200,"OKANOGAN RIVER AT MALOTT, WA",-119.7045047,48.2812606,https://waterdata.usgs.gov/nwis/inventory?agency_code=USGS&site_no=12447200,48.28125,-119.71875,48.28125,-119.71875,MALOT,85,117,Malott,48.28125N,119.71875W,48.28125N119.71875W,OKANA,87,118,48.3438,-119.59375
12448998,"TWISP RIVER NEAR TWISP, WA",-120.148693,48.3698671,https://waterdata.usgs.gov/nwis/inventory?agency_code=USGS&site_no=12448998,48.34375,-120.15625,48.34375,-120.15625,TRNTW,78,118,TRN_Twisp,48.34375N,120.15625W,48.34375N120.15625W,TWISP,77,119,48.4063,-120.21875
12449500,"METHOW RIVER AT TWISP, WA",-120.1161917,48.36514507,https://waterdata.usgs.gov/nwis/inventory?agency_code=USGS&site_no=12449500,48.34375,-120.09375,48.34375,-120.09375,MRTWI,79,118,MR_Twisp,48.34375N,120.09375W,48.34375N120.09375W,METTW,78,119,48.4063,-120.15625
12449950,"METHOW RIVER NEAR PATEROS, WA",-119.9850723,48.0773639,https://waterdata.usgs.gov/nwis/inventory?agency_code=USGS&site_no=12449950,48.09375,-119.96875,48.09375,-119.96875,PATER,81,114,Pateros,48.09375N,119.96875W,48.09375N119.96875W,METPA,80,114,48.0938,-120.03125
12459000,"WENATCHEE RIVER AT PESHASTIN, WA",-120.6195306,47.5831777,https://waterdata.usgs.gov/nwis/inventory?agency_code=USGS&site_no=12459000,47.59375,-120.59375,47.59375,-120.59375,PESHA,71,106,Peshastin,47.59375N,120.59375W,47.59375N120.59375W,WENPE,70,106,47.5938,-120.65625
12462500,"WENATCHEE RIVER AT MONITOR, WA",-120.4245223,47.49929148,https://waterdata.usgs.gov/nwis/inventory?agency_code=USGS&site_no=12462500,47.46875,-120.40625,47.46875,-120.40625,MONIT,74,104,Monitor,47.46875N,120.40625W,47.46875N120.40625W,WENMO,73,105,47.5313,-120.46875
32A100,Walla Walla R.  E. Detour Rd.,-118.49075,46.043083,https://apps.ecology.wa.gov/continuousflowandwq/StationDetails?sta=32A100,46.03125,-118.46875,46.03125,-118.46875,WRDET,105,81,WR_Detour_Rd,46.03125N,118.46875W,46.03125N118.46875W,,,,,
32B100,Touchet R. at Bolles,-118.22115,46.274276,https://apps.ecology.wa.gov/continuousflowandwq/StationDetails?sta=32B100,46.28125,-118.21875,46.28125,-118.21875,BOLLE,109,85,TR_Bolles,46.28125N,118.21875W,46.28125N118.21875W,TOUCH,109,85,46.2813,-118.21875
3.20E+51,N.F. Touchet R. abv Dayton,-117.95306,46.29762,https://apps.ecology.wa.gov/continuousflowandwq/StationDetails?sta=32E050,46.28125,-117.96875,46.28125,-117.96875,DAYTO,113,85,TR_Dayton,46.28125N,117.96875W,46.28125N117.96875W,,,,,
