Month,Start_date,End_date,Mill_Creek_MP1,WallaWalla_River_MP5a,North_fork_touchet_River_MP6a,Touchet_River_MP11a
Jan,1,14,110,250,95,150
Jan,15,31,110,250,95,150
Feb,1,14,125,250,95,150
Feb,15,29,125,250,95,150
Mar,1,14,150,350,125,200
Mar,15,31,150,350,125,200
Apr,1,14,150,350,125,200
Apr,15,30,150,350,125,200
May,1,14,125,250,125  (Closure),200 (Closure)
May,15,31,125,250,125  (Closure),200 (Closure)
Jun,1,14,100 (Closure),187.5 (Closure),95 (Closure),125 (Closure)
Jun,15,30,100 (Closure),187.5 (Closure),95 (Closure),125 (Closure)
Jul,1,14,53 (Closure),130 (Closure),65 (Closure),74 (Closure)
Jul,15,31,53 (Closure),130 (Closure),65 (Closure),74 (Closure)
Aug,1,14,41 (Closure),100 (Closure),53 (Closure),48 (Closure)
Aug,15,31,41 (Closure),100 (Closure),53 (Closure),48 (Closure)
Sep,1,14,41 (Closure),100 (Closure),51 (Closure),56 (Closure)
Sep,15,30,41 (Closure),100 (Closure),51 (Closure),56 (Closure)
Oct,1,14,48 (Closure),125 (Closure),63 (Closure),82 (Closure)
Oct,15,31,48 (Closure),125 (Closure),63 (Closure),82 (Closure)
Nov,1,14,100 (Closure),187.5 (Closure),95 (Closure),150 (Closure)
Nov,15,30,100 (Closure),187.5 (Closure),95 (Closure),150 (Closure)
Dec,1,14,110,250,95,150
Dec,15,31,110,250,95,150
